X,Y,Z,Hole ID,Samples_ID,Lote,Lito,Minz,EM_new,EM,Bwi_kWh_t,Axb_SMC
2364700.320000,6486339.356691,3645.496575,P784,EIS-001,Lote 1,TBXQBFP,MIXED1,mix1,mix1,11.8228,50.623
2364700.320000,6486339.597996,3630.998624,P784,EIS-002,Lote 1,TBXQBFP,MIXED2A,m2bt,m2bt,10.9374,50.358
2364700.320000,6486340.551370,3596.511938,P784,EIS-003,Lote 1,TBXQBFP,MIXED2A,m2bt,m2bt,11.8989,52.258
2364700.320000,6486341.154504,3577.521517,P784,EIS-004,Lote 1,TBXQBFP,MIXED2A,m2bt,m2bt,19.578,45.297
2364700.320000,6486342.520482,3537.544854,P784,EIS-005,Lote 1,TBXQBFP,MIXED2A,m2bt,m2bt,11.5232,48.774
2364700.320000,6486343.697398,3504.565851,P784,EIS-006,Lote 1,TBXQBFP,MIXED2A,m2bt,m2bt,8.50109,62.89
2364700.320000,6486344.323365,3487.577380,P784,EIS-007,Lote 1,TBXQBFP,MIXED2A,m2bt,m2bt,8.44764,62.682
2364700.320000,6486345.853994,3447.606683,P784,EIS-008,Lote 1,TBXQBFP,MIXED2A,m2bt,m2bt,9.28454,63.798
2364700.320000,6486346.451655,3432.618595,P784,EIS-009,Lote 1,TBXQBFP,MIXED2B,m2bt,m2bt,10.6357,47.058
2364700.320000,6486347.186269,3414.633593,P784,EIS-010,Lote 1,TBXQBFP,MIXED2B,m2bt,m2bt,9.89369,48.246
2364700.320000,6486348.556369,3381.662048,P784,EIS-011,Lote 1,TBXQBFP,PRIMARY,prim,prim,9.45168,56.61
2364700.320000,6486350.075456,3344.693262,P784,EIS-012,Lote 1,TBXQBFP,PRIMARY,prim,prim,11.6149,39.49
2365058.703000,6486345.819205,3631.469230,P786,EIS-013,Lote 1,AND,MIXED1,mix1,mix1,15.2012,32.542
2365058.703000,6486345.988283,3616.570212,P786,EIS-014,Lote 1,AND,MIXED2A,m2aa,m2aa,16.7495,28.934
2365058.703000,6486346.395179,3594.574022,P786,EIS-015,Lote 1,AND,MIXED2A,m2aa,m2aa,13.2888,31.004
2365058.703000,6486346.955065,3567.579828,P786,EIS-016,Lote 1,AND,MIXED2B,m2ba,m2ba,13.9103,32.844
2365058.703000,6486347.721618,3537.590228,P786,EIS-017,Lote 1,AND,MIXED2B,m2ba,m2ba,12.5946,30.919
2365058.703000,6486349.420719,3509.643677,P786,EIS-018,Lote 1,AND,MIXED2B,m2ba,m2ba,12.268,33.696
2365058.703000,6486351.493561,3483.727406,P786,EIS-019,Lote 1,AND,MIXED2B,m2ba,m2ba,10.4522,36.74
2365058.703000,6486352.396455,3463.748729,P786,EIS-020,Lote 1,AND,MIXED2B,m2ba,m2ba,9.41654,41.976
2365058.703000,6486352.665924,3445.751161,P786,EIS-021,Lote 1,AND,MIXED2B,m2ba,m2ba,9.41238,42.024
2365058.703000,6486352.886085,3409.751851,P786,EIS-022,Lote 1,AND,MIXED2B,m2ba,m2ba,8.61278,48.544
2365058.703000,6486353.025836,3387.752366,P786,EIS-023,Lote 1,AND,MIXED2B,m2ba,m2ba,8.7955,48.269
2365058.703000,6486353.605226,3358.758488,P786,EIS-024,Lote 1,AND,MIXED2B,m2ba,m2ba,7.71314,48.9
2363988.070000,6486316.234787,3715.647580,P787,EIS-025,Lote 1,AND,MIXED2A,m2aa,m2aa,20.9063,28.41
2363988.070000,6486316.355370,3700.648081,P787,EIS-026,Lote 1,AND,MIXED2A,m2aa,m2aa,26.6963,33.318
2363988.070000,6486316.669780,3678.650375,P787,EIS-027,Lote 1,AND,MIXED2B,m2ba,m2ba,27.1529,30.774
2363988.070000,6486317.359978,3636.656048,P787,EIS-028,Lote 1,AND,PRIMARY,prim,prim,20.0103,31.631
2363988.070000,6486318.413537,3578.665697,P787,EIS-029,Lote 1,DTUFF,PRIMARY,prim,prim,14.1383,27.03
2363988.070000,6486319.193211,3544.674657,P787,EIS-030,Lote 1,DTUFF,PRIMARY,prim,prim,15.8164,32.832
2363988.070000,6486319.702993,3524.681157,P787,EIS-031,Lote 1,DTUFF,PRIMARY,prim,prim,14.1197,30.832
2363988.070000,6486320.614673,3480.690728,P787,EIS-032,Lote 1,AND,PRIMARY,prim,prim,23.3089,27.2
2363988.070000,6486321.870987,3436.709602,P787,EIS-033,Lote 1,AND,PRIMARY,prim,prim,18.276,22.425
2364109.934000,6486394.902185,3703.044518,P790,EIS-048,Lote 1,AND,MIXED1,mix1,mix1,15.7181,42.312
2364109.934000,6486394.968250,3685.544647,P790,EIS-049,Lote 1,DTUFF,MIXED2A,m2aa,m2aa,16.1129,26.524
2364109.934000,6486395.049891,3672.044896,P790,EIS-050,Lote 1,DTUFF,MIXED2B,m2ba,m2ba,16.1741,23.616
2364109.934000,6486395.136864,3660.045211,P790,EIS-051,Lote 1,DTUFF,PRIMARY,prim,prim,13.8945,28.823
2364109.934000,6486395.400029,3622.046123,P790,EIS-052,Lote 1,DTUFF,PRIMARY,prim,prim,12.4255,31.836
2364109.934000,6486395.552724,3594.046548,P790,EIS-053,Lote 1,DTUFF,PRIMARY,prim,prim,11.5485,31.44
2364109.934000,6486395.643704,3558.046674,P790,EIS-054,Lote 1,AND,PRIMARY,prim,prim,16.2948,36.518
2364109.934000,6486395.678611,3538.046704,P790,EIS-055,Lote 1,AND,PRIMARY,prim,prim,17.2823,31.668
2364109.934000,6486395.744654,3504.046770,P790,EIS-056,Lote 1,AND,PRIMARY,prim,prim,11.643,26.544
2364109.934000,6486395.814153,3482.046881,P790,EIS-057,Lote 1,AND,PRIMARY,prim,prim,16.1139,29.705
2364039.260000,6486515.967494,3686.488748,P791,EIS-034,Lote 1,DTUFF,MIXED1,mix1,mix1,9.87964,35.457
2364039.260000,6486516.047358,3677.989126,P791,EIS-035,Lote 1,DTUFF,MIXED2A,m2aa,m2aa,12.133,35.056
2364039.260000,6486516.240055,3663.490421,P791,EIS-036,Lote 1,DTUFF,MIXED2B,m2ba,m2ba,12.2403,27.38
2364039.260000,6486516.570775,3643.993227,P791,EIS-037,Lote 1,DTUFF,MIXED2B,m2ba,m2ba,13.6455,28.416
2364039.260000,6486516.955649,3621.996594,P791,EIS-038,Lote 1,DTUFF,PRIMARY,prim,prim,11.5647,28.47
2364039.260000,6486517.382046,3598.000382,P791,EIS-039,Lote 1,DTUFF,PRIMARY,prim,prim,14.0566,29.484
2364039.260000,6486517.817659,3572.004034,P791,EIS-040,Lote 1,AND,PRIMARY,prim,prim,12.9547,32.8
2364039.260000,6486518.326604,3540.008082,P791,EIS-041,Lote 1,AND,PRIMARY,prim,prim,20.3562,39.45
2364039.260000,6486518.628057,3522.010607,P791,EIS-042,Lote 1,AND,PRIMARY,prim,prim,16.5789,32.86
2364039.260000,6486519.190527,3490.015551,P791,EIS-043,Lote 1,AND,PRIMARY,prim,prim,16.8701,25.772
2364039.260000,6486519.798329,3456.020984,P791,EIS-044,Lote 1,AND,PRIMARY,prim,prim,17.3328,29.832
2364039.260000,6486520.114135,3438.023755,P791,EIS-045,Lote 1,AND,PRIMARY,prim,prim,23.3799,25.677
2364039.260000,6486520.486570,3416.026908,P791,EIS-046,Lote 1,AND,PRIMARY,prim,prim,17.9837,24
2364039.260000,6486521.003935,3394.033449,P791,EIS-047,Lote 1,AND,PRIMARY,prim,prim,21.4166,29.026
2364193.174000,6486884.550407,3730.550655,P792,EIS-058,Lote 1,TON,MIXED1,mix1,mix1,13.7106,44.326
2364193.174000,6486884.629037,3712.550828,P792,EIS-059,Lote 1,TON,MIXED2A,m2at,m2at,9.59636,36.232
2364193.174000,6486884.704436,3676.550922,P792,EIS-060,Lote 1,TON,MIXED2B,m2bt,m2bt,10.0909,65.9
2364193.174000,6486884.870836,3643.051445,P792,EIS-061,Lote 1,TON,MIXED2B,m2bt,m2bt,12.7276,58.186
2364193.174000,6486885.075926,3625.552662,P792,EIS-062,Lote 1,TON,MIXED2B,m2bt,m2bt,10.0955,44.85
2364193.174000,6486885.314821,3605.554098,P792,EIS-063,Lote 1,TON,PRIMARY,prim,prim,11.6714,50.481
2364193.174000,6486885.661297,3555.555356,P792,EIS-064,Lote 1,TON,PRIMARY,prim,prim,12.7933,35.984
2364193.174000,6486885.830606,3528.555888,P792,EIS-065,Lote 1,TON,PRIMARY,prim,prim,14.4649,28.934
2364193.174000,6486885.989999,3501.556361,P792,EIS-066,Lote 1,TON,PRIMARY,prim,prim,15.0512,26.288
2364193.174000,6486886.080756,3481.556568,P792,EIS-067,Lote 1,TON,PRIMARY,prim,prim,14.2079,31.529
2364193.174000,6486886.317094,3449.557565,P792,EIS-068,Lote 1,TON,PRIMARY,prim,prim,14.9386,26.348
2364543.058000,6486374.523101,3633.529232,P795,EIS-069,Lote 1,AND,MIXED2A,m2aa,m2aa,13.2613,40.486
2364543.058000,6486374.844264,3601.530885,P795,EIS-070,Lote 1,AND,MIXED2B,m2ba,m2ba,11.4342,31.777
2364543.058000,6486375.860162,3525.537691,P795,EIS-071,Lote 1,AND,MIXED2B,m2ba,m2ba,14.4961,30.534
2364543.058000,6486376.109994,3507.539425,P795,EIS-072,Lote 1,AND,MIXED2B,m2ba,m2ba,11.0696,34.62
2364543.058000,6486376.526538,3476.542224,P795,EIS-073,Lote 1,AND,PRIMARY,prim,prim,12.8563,39.552
2364543.058000,6486376.956719,3443.545029,P795,EIS-074,Lote 1,AND,PRIMARY,prim,prim,12.7814,36.835
2364543.058000,6486377.473974,3407.048696,P795,EIS-075,Lote 1,AND,PRIMARY,prim,prim,15.8851,35.728
2364543.058000,6486378.282775,3351.554590,P795,EIS-076,Lote 1,AND,PRIMARY,prim,prim,12.8513,25
2364543.058000,6486379.422958,3273.562924,P795,EIS-077,Lote 1,AND,PRIMARY,prim,prim,12.4881,26
2364543.058000,6486380.621954,3193.571913,P795,EIS-078,Lote 1,AND,PRIMARY,prim,prim,12.2152,25
2364954.220000,6486068.961247,3603.542065,P796,EIS-079,Lote 1,RBXQBFP,MIXED2B,m2bb,m2bb,12.5885,41.646
2364954.220000,6486070.505362,3541.561392,P796,EIS-080,Lote 1,RBXQBFP,MIXED2B,m2bb,m2bb,12.6102,37.152
2364954.220000,6486072.609429,3473.094326,P796,EIS-081,Lote 1,QBXAND,MIXED2B,m2bb,m2bb,12.2148,43.2
2364954.220000,6486074.960689,3419.646197,P796,EIS-082,Lote 1,QBXAND,PRIMARY,prim,prim,14.569,37.638
2364954.220000,6486076.305376,3388.675389,P796,EIS-083,Lote 1,TBXTON,PRIMARY,prim,prim,11.3781,44.478
2364954.220000,6486077.677621,3348.699300,P796,EIS-084,Lote 1,TBXTON,PRIMARY,prim,prim,12.563,48.6
2364954.220000,6486078.298677,3319.706101,P796,EIS-085,Lote 1,QBXAND,PRIMARY,prim,prim,14.9567,36.676
2364954.220000,6486078.576932,3293.707702,P796,EIS-086,Lote 1,QBXAND,PRIMARY,prim,prim,13.617,34.3
2364954.220000,6486078.776822,3247.708141,P796,EIS-087,Lote 1,QBXAND,PRIMARY,prim,prim,18.0756,28.934
2364954.220000,6486078.925773,3212.708469,P796,EIS-088,Lote 1,QBXAND,PRIMARY,prim,prim,14.0264,30.463
2364954.220000,6486078.964350,3183.708503,P796,EIS-089,Lote 1,QBXAND,PRIMARY,prim,prim,13.4034,36.414
2364954.220000,6486078.994496,3149.708517,P796,EIS-090,Lote 1,QBXAND,PRIMARY,prim,prim,17.5253,33.484
2364406.868000,6486929.843472,3769.173222,P798,EIS-091,Lote 1,TON,MIXED1,mix1,mix1,14.222,35.3
2364406.868000,6486930.791041,3701.180021,P798,EIS-092,Lote 1,TON,MIXED2A,m2at,m2at,11.6852,35.376
2364406.868000,6486931.397421,3662.184736,P798,EIS-093,Lote 1,TON,MIXED2B,m2bt,m2bt,13.3554,30.832
2364406.868000,6486931.969399,3626.189280,P798,EIS-094,Lote 1,TON,MIXED2B,m2bt,m2bt,14.0923,36.113
2364406.868000,6486932.767548,3573.195292,P798,EIS-095,Lote 1,TON,PRIMARY,prim,prim,13.3572,36.167
2364406.868000,6486933.060054,3553.197431,P798,EIS-096,Lote 1,TON,PRIMARY,prim,prim,13.6743,33.212
2364406.868000,6486933.540279,3520.200926,P798,EIS-097,Lote 1,TON,PRIMARY,prim,prim,15.3627,31.98
2364406.868000,6486934.162971,3477.705488,P798,EIS-098,Lote 1,TON,PRIMARY,prim,prim,15.6617,29.844
2363905.183000,6486652.722220,3674.533082,P799,EIS-099,Lote 1,DTUFF,MIXED2A,m2aa,m2aa,14.3389,29.234
2363905.183000,6486652.816829,3650.533269,P799,EIS-100,Lote 1,DTUFF,MIXED2B,m2ba,m2ba,11.4735,29.799
2363905.183000,6486653.034240,3609.533850,P799,EIS-101,Lote 1,DTUFF,PRIMARY,prim,prim,13.3444,30.184
2363905.183000,6486653.452382,3551.535390,P799,EIS-102,Lote 1,AND,PRIMARY,prim,prim,15.6598,26.915
2363905.183000,6486653.744109,3527.037142,P799,EIS-103,Lote 1,AND,PRIMARY,prim,prim,17.9101,34.526
2363905.183000,6486654.147869,3494.539712,P799,EIS-104,Lote 1,AND,PRIMARY,prim,prim,15.4135,34.752
2364969.884000,6485739.067486,3622.834380,P801,EIS-105,Lote 2A,AND,MIXED2B,m2ba,m2ba,26.3665,31.326
2364969.884000,6485739.472607,3596.837674,P801,EIS-106,Lote 2A,AND,PRIMARY,prim,prim,16.7452,33.405
2364969.884000,6485739.895996,3577.842393,P801,EIS-107,Lote 2A,AND,PRIMARY,prim,prim,14.9857,31.832
2364969.884000,6485740.322835,3559.847456,P801,EIS-108,Lote 2A,AND,PRIMARY,prim,prim,14.9826,30.362
2364969.884000,6485740.963697,3533.855360,P801,EIS-109,Lote 2A,AND,PRIMARY,prim,prim,13.3965,43.75
2364969.884000,6485741.552404,3504.861375,P801,EIS-110,Lote 2A,AND,PRIMARY,prim,prim,16.1791,34.821
2364969.884000,6485741.847716,3486.863800,P801,EIS-111,Lote 2A,AND,PRIMARY,prim,prim,15.292,39.065
2364969.884000,6485742.631019,3445.871321,P801,EIS-112,Lote 2A,AND,PRIMARY,prim,prim,13.6553,39.666
2364969.884000,6485743.503614,3405.880841,P801,EIS-113,Lote 2A,AND,PRIMARY,prim,prim,13.4993,25.984
2364969.884000,6485744.201899,3372.888249,P801,EIS-114,Lote 2A,AND,PRIMARY,prim,prim,12.3126,37.184
2364559.739000,6485739.141711,3649.615066,P802,EIS-115,Lote 2A,DTUFF,MIXED2B,m2ba,m2ba,13.3144,38.488
2364559.739000,6485739.266165,3629.865471,P802,EIS-116,Lote 2A,DTUFF,PRIMARY,prim,prim,11.5438,34.822
2364559.739000,6485739.475203,3609.866580,P802,EIS-117,Lote 2A,DTUFF,PRIMARY,prim,prim,13.245,35.182
2364559.739000,6485739.711442,3593.868335,P802,EIS-118,Lote 2A,DTUFF,PRIMARY,prim,prim,12.432,36.296
2364559.739000,6485740.226382,3567.873473,P802,EIS-119,Lote 2A,DTUFF,PRIMARY,prim,prim,14.2844,33.54
2364559.739000,6485740.886672,3525.878898,P802,EIS-120,Lote 2A,AND,PRIMARY,prim,prim,15.5438,37.088
2364559.739000,6485741.252003,3484.380507,P802,EIS-121,Lote 2A,AND,PRIMARY,prim,prim,14.2453,34.744
2364559.739000,6485741.481974,3458.881544,P802,EIS-122,Lote 2A,AND,PRIMARY,prim,prim,15.2136,37.996
2364559.739000,6485741.792411,3423.882921,P802,EIS-123,Lote 2A,AND,PRIMARY,prim,prim,16.509,27.982
2365305.022000,6486138.318261,3611.160379,P805,EIS-124,Lote 2A,AND,MIXED1,mix1,mix1,20.2603,26.732
2365305.022000,6486138.776394,3590.165479,P805,EIS-125,Lote 2A,AND,MIXED2B,m2ba,m2ba,21.3689,22.923
2365305.022000,6486139.187409,3574.170760,P805,EIS-126,Lote 2A,RBXAND,MIXED2B,m2bb,m2ba,16.661,24.27
2365305.022000,6486140.625872,3516.188654,P805,EIS-127,Lote 2A,AND,PRIMARY,prim,prim,14.9478,22.149
2365305.022000,6486142.907484,3459.237184,P805,EIS-128,Lote 2A,AND,PRIMARY,prim,prim,12.7888,27.268
2365305.022000,6486144.548211,3435.293515,P805,EIS-129,Lote 2A,AND,PRIMARY,prim,prim,10.4763,28.98
2365305.022000,6486145.948595,3408.330857,P805,EIS-130,Lote 2A,AND,PRIMARY,prim,prim,18.4592,28.29
2364199.762000,6486137.552835,3677.725015,P806,EIS-131,Lote 2A,AND,MIXED1,mix1,mix1,16.8447,28.07
2364199.762000,6486137.603423,3666.725136,P806,EIS-132,Lote 2A,AND,MIXED2A,m2aa,m2aa,17.3182,27.812
2364199.762000,6486137.689912,3655.725481,P806,EIS-133,Lote 2A,AND,MIXED2B,m2ba,m2ba,16.2691,30.217
2364199.762000,6486138.005302,3631.227549,P806,EIS-134,Lote 2A,DTUFF,PRIMARY,prim,prim,13.7251,36.358
2364199.762000,6486138.561605,3593.731676,P806,EIS-135,Lote 2A,DTUFF,PRIMARY,prim,prim,11.8388,49.692
2364199.762000,6486138.893331,3571.734177,P806,EIS-136,Lote 2A,DTUFF,PRIMARY,prim,prim,12.1203,41.536
2364199.762000,6486139.512126,3533.739220,P806,EIS-137,Lote 2A,AND,PRIMARY,prim,prim,17.7437,34.06
2364199.762000,6486139.951847,3506.742802,P806,EIS-138,Lote 2A,AND,PRIMARY,prim,prim,18.3351,32.035
2364784.256000,6486097.346709,3619.021074,P807,EIS-139,Lote 2A,QBXAND,MIXED2A,m2bb,m2bb,13.278,49.203
2364784.256000,6486097.870517,3596.527368,P807,EIS-140,Lote 2A,QBXAND,MIXED2B,m2bb,m2bb,13.5186,39.672
2364784.256000,6486098.693738,3571.040662,P807,EIS-141,Lote 2A,QBXAND,MIXED2B,m2bb,m2bb,11.006,42.904
2364784.256000,6486100.055796,3530.063295,P807,EIS-142,Lote 2A,QBXAND,MIXED2B,m2bb,m2bb,13.2819,40.26
2364784.256000,6486100.884006,3506.077591,P807,EIS-143,Lote 2A,QBXAND,MIXED2B,m2bb,prim,10.066,51.051
2364784.256000,6486101.629412,3485.090825,P807,EIS-144,Lote 2A,QBXAND,MIXED2B,m2bb,prim,10.5674,40.105
2364784.256000,6486102.351961,3465.103881,P807,EIS-145,Lote 2A,QBXAND,MIXED2B,m2bb,prim,12.409,51.626
2364784.256000,6486103.233707,3441.120084,P807,EIS-146,Lote 2A,QBXAND,MIXED2B,m2bb,prim,17.8611,45.44
2364784.256000,6486104.352902,3411.140969,P807,EIS-147,Lote 2A,QBXAND,MIXED2B,m2bb,prim,14.8736,37.82
2364784.256000,6486105.837230,3372.169228,P807,EIS-148,Lote 2A,QBXAND,PRIMARY,prim,prim,12.5058,48.764
2364784.256000,6486106.859799,3346.189346,P807,EIS-149,Lote 2A,QBXAND,PRIMARY,prim,prim,13.2558,46.063
2364784.256000,6486109.045463,3293.234449,P807,EIS-150,Lote 2A,QBXAND,PRIMARY,prim,prim,13.9409,39.804
2364784.256000,6486111.244201,3241.280956,P807,EIS-151,Lote 2A,QBXAND,PRIMARY,prim,prim,14.0274,33.12
2364784.256000,6486112.454851,3211.305404,P807,EIS-152,Lote 2A,QBXAND,PRIMARY,prim,prim,12.8736,31.473
2364784.256000,6486114.080034,3168.336130,P807,EIS-153,Lote 2A,QBXTON,PRIMARY,prim,prim,13.8881,44.655
2364784.256000,6486115.781926,3130.376540,P807,EIS-154,Lote 2A,QBXTON,PRIMARY,prim,prim,13.2637,28.453
2364609.135000,6486439.994978,3636.662353,P808,EIS-155,Lote 2A,AND,MIXED2A,m2aa,m2aa,10.7101,68.513
2364609.135000,6486440.418520,3594.664502,P808,EIS-156,Lote 2A,AND,MIXED2A,m2aa,m2aa,13.7852,30.624
2364609.135000,6486440.705753,3568.666135,P808,EIS-157,Lote 2A,AND,MIXED2B,m2ba,m2ba,12.6668,44.1
2364609.135000,6486442.115685,3540.706198,P808,EIS-158,Lote 2A,AND,MIXED2B,m2ba,m2ba,10.4817,39.412
2364609.135000,6486445.576461,3506.884998,P808,EIS-159,Lote 2A,AND,MIXED2B,m2ba,m2ba,12.1472,50.49
2364609.135000,6486447.016999,3468.924719,P808,EIS-160,Lote 2A,AND,MIXED2B,m2ba,m2ba,10.5146,45.975
2364609.135000,6486447.337435,3432.926382,P808,EIS-161,Lote 2A,AND,MIXED2B,m2ba,m2ba,13.6989,32.85
2364609.135000,6486447.939152,3405.933451,P808,EIS-162,Lote 2A,AND,PRIMARY,prim,prim,13.4931,34.592
2364609.135000,6486450.055382,3364.992913,P808,EIS-163,Lote 2A,AND,PRIMARY,prim,prim,13.5762,29.315
2364609.135000,6486452.941397,3345.209995,P808,EIS-164,Lote 2A,AND,PRIMARY,prim,prim,16.9301,32.154
2364609.135000,6486458.581809,3322.924175,P808,EIS-165,Lote 2A,AND,PRIMARY,prim,prim,8.72702,30.264
2364609.135000,6486468.208038,3283.094270,P808,EIS-166,Lote 2A,TON,PRIMARY,prim,prim,13.5807,32.908
2364609.135000,6486472.035090,3255.365528,P808,EIS-167,Lote 2A,TON,PRIMARY,prim,prim,14.0899,30.318
2364609.135000,6486473.234199,3237.407816,P808,EIS-168,Lote 2A,TON,PRIMARY,prim,prim,13.4181,37.84
2364125.080000,6487143.888518,3799.014688,P810,EIS-169,Lote 2A,DTUFF,MIXED1,mix1,mix1,19.9562,29.88
2364125.080000,6487144.101088,3784.266226,P810,EIS-170,Lote 2A,DTUFF,MIXED2A,m2aa,m2aa,11.8712,130.745
2364125.080000,6487144.629702,3756.271249,P810,EIS-171,Lote 2A,AND,MIXED2B,m2ba,m2ba,12.3958,28.548
2364125.080000,6487145.415568,3718.279376,P810,EIS-172,Lote 2A,AND,MIXED2B,m2ba,m2ba,18.8102,26.18
2364125.080000,6487146.266052,3678.288423,P810,EIS-173,Lote 2A,AND,MIXED2B,m2ba,m2ba,14.28,25.472
2364125.080000,6487146.812069,3654.294637,P810,EIS-174,Lote 2A,AND,PRIMARY,prim,prim,15.1234,27.03
2363710.832000,6486535.804973,3720.366577,P811,EIS-175,Lote 2A,AND,MIXED1,mix1,mix1,18.2943,28.686
2363710.832000,6486535.912740,3710.767184,P811,EIS-176,Lote 2A,AND,MIXED2A,m2aa,m2aa,16.2005,26.268
2363710.832000,6486536.140623,3693.768713,P811,EIS-177,Lote 2A,AND,MIXED2B,m2ba,m2ba,18.9216,30.615
2363710.832000,6486536.337425,3677.769924,P811,EIS-178,Lote 2A,AND,MIXED2B,m2ba,m2ba,17.4659,27.792
2364485.582000,6486136.586449,3634.814075,P812,EIS-179,Lote 2A,AND,MIXED1,mix1,mix1,16.4328,41.236
2364485.582000,6486136.697701,3613.314369,P812,EIS-180,Lote 2A,AND,MIXED2B,m2ba,m2ba,10.4451,31.089
2364485.582000,6486136.944000,3577.315213,P812,EIS-181,Lote 2A,AND,MIXED2B,m2ba,m2ba,11.7243,37.524
2364485.582000,6486137.080344,3559.315729,P812,EIS-182,Lote 2A,AND,MIXED2B,m2ba,prim,13.1369,29.824
2364485.582000,6486137.323057,3528.316680,P812,EIS-183,Lote 2A,AND,PRIMARY,prim,prim,8.5825,33.212
2364485.582000,6486137.721364,3476.318208,P812,EIS-184,Lote 2A,AND,PRIMARY,prim,prim,14.1554,37.856
2364485.582000,6486138.047176,3428.319314,P812,EIS-185,Lote 2A,AND,PRIMARY,prim,prim,12.2411,36.554
2364485.582000,6486138.221678,3402.319899,P812,EIS-186,Lote 2A,AND,PRIMARY,prim,prim,14.1174,33.442
2364485.582000,6486138.468535,3368.320796,P812,EIS-187,Lote 2A,AND,PRIMARY,prim,prim,15.5826,33.966
2364485.582000,6486138.926655,3311.322639,P812,EIS-188,Lote 2A,AND,PRIMARY,prim,prim,15.4733,30.628
2364485.582000,6486139.176617,3283.323755,P812,EIS-189,Lote 2A,AND,PRIMARY,prim,prim,14.531,37.335
2363773.499000,6486339.321103,3747.102001,P815,EIS-190,Lote 2A,AND,MIXED1,mix1,mix1,24.7043,23.426
2363773.499000,6486339.344735,3730.902020,P815,EIS-191,Lote 2A,AND,MIXED2A,m2aa,m2aa,22.4276,29.6
2363773.499000,6486339.400446,3710.902099,P815,EIS-192,Lote 2A,AND,MIXED2A,m2aa,m2aa,20.8908,29.283
2363773.499000,6486339.510255,3688.902382,P815,EIS-193,Lote 2A,AND,MIXED2B,m2ba,m2ba,14.9004,31.296
2363773.499000,6486339.731336,3662.903338,P815,EIS-194,Lote 2A,AND,PRIMARY,prim,prim,20.3213,29.612
2364260.648000,6485939.609303,3651.223367,P816,EIS-195,Lote 2B,AND,PRIMARY,prim,prim,14.2981,43.734
2364260.648000,6485940.275318,3633.235824,P816,EIS-196,Lote 2B,AND,PRIMARY,prim,prim,14.1436,36.864
2364260.648000,6485941.101949,3613.252914,P816,EIS-197,Lote 2B,AND,PRIMARY,prim,prim,16.7407,29.267
2364260.648000,6485941.923001,3593.269774,P816,EIS-198,Lote 2B,DTUFF,PRIMARY,prim,prim,12.0751,32.68
2364260.648000,6485943.268078,3560.297198,P816,EIS-199,Lote 2B,AND,PRIMARY,prim,prim,12.8219,44.77
2364260.648000,6485944.120001,3539.314486,P816,EIS-200,Lote 2B,AND,PRIMARY,prim,prim,12.3673,34.875
2364260.648000,6485944.930756,3519.330926,P816,EIS-201,Lote 2B,AND,PRIMARY,prim,prim,12.5644,36.2
2364260.648000,6485946.192898,3488.356630,P816,EIS-202,Lote 2B,AND,PRIMARY,prim,prim,15.996,33.436
2363980.090000,6486138.087275,3692.824254,P817,EIS-203,Lote 2B,AND,MIXED2A,m2aa,m2aa,25.1187,32.589
2363980.090000,6486138.219040,3681.325022,P817,EIS-204,Lote 2B,AND,MIXED2B,m2ba,m2ba,18.7934,28.194
2363980.090000,6486138.523740,3664.327795,P817,EIS-205,Lote 2B,AND,PRIMARY,prim,prim,20.5217,30.008
2363980.090000,6486138.871808,3648.331585,P817,EIS-206,Lote 2B,AND,PRIMARY,prim,prim,19.5558,23.4
2363980.090000,6486139.427943,3618.336763,P817,EIS-207,Lote 2B,AND,PRIMARY,prim,prim,21.3259,23.55
2363980.090000,6486139.927165,3584.340440,P817,EIS-208,Lote 2B,AND,PRIMARY,prim,prim,21.5286,27.121
2363980.090000,6486140.211615,3561.342202,P817,EIS-209,Lote 2B,DTUFF,PRIMARY,prim,prim,18.8678,26.825
2365224.928000,6485939.119924,3625.515005,P819,EIS-210,Lote 2B,AND,MIXED2B,m2ba,m2ba,20.7274,25.544
2365224.928000,6485939.148313,3611.765035,P819,EIS-211,Lote 2B,AND,PRIMARY,prim,prim,20.3738,27.38
2365224.928000,6485939.213407,3593.765155,P819,EIS-212,Lote 2B,AND,PRIMARY,prim,prim,20.3883,26.46
2365224.928000,6485939.299905,3575.765363,P819,EIS-213,Lote 2B,AND,PRIMARY,prim,prim,17.9617,25.772
2365224.928000,6485939.375638,3559.765542,P819,EIS-214,Lote 2B,AND,PRIMARY,prim,prim,18.2338,27.405
2365224.928000,6485939.505323,3531.765843,P819,EIS-215,Lote 2B,AND,PRIMARY,prim,prim,18.1458,28.512
2365224.928000,6485939.794564,3481.766686,P819,EIS-216,Lote 2B,AND,PRIMARY,prim,prim,14.045,28.946
2365224.928000,6485940.060690,3441.767571,P819,EIS-217,Lote 2B,AND,PRIMARY,prim,prim,18.8279,32.265
2365224.928000,6485940.255984,3413.768253,P819,EIS-218,Lote 2B,AND,PRIMARY,prim,prim,15.9061,30.955
2365224.928000,6485940.402171,3393.768787,P819,EIS-219,Lote 2B,AND,PRIMARY,prim,prim,15.0374,34.892
2365224.928000,6485940.605158,3365.769523,P819,EIS-220,Lote 2B,AND,PRIMARY,prim,prim,16.8031,26.506
2365224.928000,6485940.839610,3329.770288,P819,EIS-221,Lote 2B,AND,PRIMARY,prim,prim,15.55,26
2365372.040000,6486538.104303,3663.867409,P820,EIS-222,Lote 2B,AND,MIXED1,mix1,mix1,11.2662,35.746
2365372.040000,6486538.272117,3649.418396,P820,EIS-223,Lote 2B,AND,MIXED2A,m2aa,m2aa,13.5405,26.763
2365372.040000,6486538.574309,3630.420805,P820,EIS-224,Lote 2B,AND,MIXED2A,m2aa,m2aa,14.8139,23
2365372.040000,6486539.012192,3604.424493,P820,EIS-225,Lote 2B,AND,MIXED2A,m2aa,m2aa,17.3471,22.075
2365372.040000,6486539.651786,3568.430178,P820,EIS-226,Lote 2B,AND,MIXED2A,m2aa,m2aa,15.3406,26.732
2365372.040000,6486540.207770,3539.435510,P820,EIS-227,Lote 2B,AND,MIXED2B,m2ba,m2ba,16.0704,27.434
2365199.838000,6486537.965456,3658.487067,P821,EIS-228,Lote 2B,AND,MIXED1,mix1,mix1,6.31005,103.79
2365199.838000,6486538.005241,3647.987143,P821,EIS-229,Lote 2B,AND,MIXED2A,m2aa,m2aa,11.0802,45
2365199.838000,6486538.090605,3628.987334,P821,EIS-230,Lote 2B,AND,MIXED2A,m2aa,m2aa,12.7762,35.2
2365199.838000,6486538.240975,3594.987667,P821,EIS-231,Lote 2B,AND,MIXED2A,m2aa,m2aa,14.2854,32.683
2365199.838000,6486538.334364,3568.987837,P821,EIS-232,Lote 2B,AND,MIXED2A,m2aa,m2aa,14.9613,25.699
2365199.838000,6486538.384964,3544.987893,P821,EIS-233,Lote 2B,AND,MIXED2B,m2ba,m2ba,11.9132,31.037
2365199.838000,6486538.450644,3528.988047,P821,EIS-234,Lote 2B,AND,MIXED2B,m2ba,m2ba,6.9993,29.124
2365199.838000,6486538.990092,3488.991968,P821,EIS-235,Lote 2B,AND,MIXED2B,m2ba,m2ba,13.7389,24
2365199.838000,6486539.394561,3468.996063,P821,EIS-236,Lote 2B,AND,MIXED2B,m2ba,m2ba,11.0899,30.966
2365199.838000,6486540.262218,3433.006598,P821,EIS-237,Lote 2B,AND,MIXED2B,m2ba,m2ba,16.3731,30.537
2363770.915000,6486939.356864,3743.502881,P822,EIS-238,Lote 2B,TON,MIXED2A,m2at,m2at,10.9252,48.16
2363770.915000,6486939.593525,3723.504282,P822,EIS-239,Lote 2B,TON,MIXED2B,m2bt,m2bt,11.8432,36.975
2363770.915000,6486939.770628,3708.505328,P822,EIS-240,Lote 2B,TON,MIXED2B,m2bt,m2bt,11.1003,46.833
2363770.915000,6486940.026383,3686.506814,P822,EIS-241,Lote 2B,TON,PRIMARY,prim,prim,11.722,46.368
2363850.001000,6487138.502069,3834.876096,P823,EIS-242,Lote 2B,AND,MIXED1,mix1,mix1,17.8115,46.788
2363850.001000,6487139.001286,3815.132611,P823,EIS-243,Lote 2B,AND,MIXED2A,m2aa,m2aa,11.2616,30.345
2363850.001000,6487139.788794,3794.647784,P823,EIS-244,Lote 2B,AND,MIXED2A,m2aa,m2aa,13.4572,31.284
2363850.001000,6487140.142713,3785.654746,P823,EIS-245,Lote 2B,AND,MIXED2A,m2aa,m2aa,14.2078,28.16
2363850.001000,6487140.609771,3773.663839,P823,EIS-246,Lote 2B,DTUFF,MIXED2A,m2aa,m2aa,10.3121,28.952
2363850.001000,6487141.338370,3754.677814,P823,EIS-247,Lote 2B,DTUFF,MIXED2B,m2ba,m2ba,10.1087,36.556
2365059.885000,6486738.816581,3716.108063,P830,EIS-248,Lote 2B,TON,MIXED1,mix1,mix1,16.1541,35.626
2365059.885000,6486739.148388,3696.110816,P830,EIS-249,Lote 2B,TON,MIXED1,mix1,mix1,13.9408,34.731
2365059.885000,6486739.457757,3678.113475,P830,EIS-250,Lote 2B,TON,MIXED2A,m2at,m2at,13.013,34.006
2365059.885000,6486739.735383,3662.115884,P830,EIS-251,Lote 2B,TON,MIXED2B,m2bt,m2bt,12.7935,35.088
2365059.885000,6486740.315197,3625.120437,P830,EIS-252,Lote 2B,TBXTON,MIXED2B,m2bb,m2bb,12.9895,38.5
2365059.885000,6486740.615517,3603.122489,P830,EIS-253,Lote 2B,TON,MIXED2B,m2bt,m2bt,11.273,38.637
2365059.885000,6486740.799950,3588.123624,P830,EIS-254,Lote 2B,TON,MIXED2B,m2bt,m2bt,12.9477,45.864
2365059.885000,6486741.043009,3566.124968,P830,EIS-255,Lote 2B,TON,MIXED2B,m2bt,m2bt,12.3246,33.075
2365059.885000,6486741.219167,3550.125938,P830,EIS-256,Lote 2B,TON,PRIMARY,prim,prim,14.3508,32.409
2364659.870000,6486537.691869,3663.185350,P832,EIS-257,Lote 2B,AND,MIXED1,mix1,mix1,13.4234,99.345
2364659.870000,6486537.897896,3647.186706,P832,EIS-258,Lote 2B,AND,MIXED2A,m2aa,m2aa,15.5863,46.452
2364659.870000,6486538.153137,3633.689134,P832,EIS-259,Lote 2B,AND,MIXED2A,m2aa,m2aa,14.4639,45.353
2364659.870000,6486538.578879,3613.193555,P832,EIS-260,Lote 2B,AND,MIXED2A,m2aa,m2aa,13.6967,55.1
2364659.870000,6486538.994238,3593.197869,P832,EIS-261,Lote 2B,AND,MIXED2B,m2ba,m2ba,10.4423,42.612
2364659.870000,6486539.657096,3559.204350,P832,EIS-262,Lote 2B,AND,MIXED2B,m2ba,m2ba,12.0904,39.325
2364659.870000,6486539.999776,3538.207151,P832,EIS-263,Lote 2B,AND,MIXED2B,m2ba,m2ba,10.2424,37.294
2364659.870000,6486540.498324,3503.210705,P832,EIS-264,Lote 2B,AND,MIXED2B,m2ba,m2ba,12.6248,38.391
2364659.870000,6486540.736373,3485.212279,P832,EIS-265,Lote 2B,AND,MIXED2B,m2ba,m2ba,10.5157,33.504
2364659.870000,6486540.965512,3468.213824,P832,EIS-266,Lote 2B,AND,MIXED2B,m2ba,prim,14.8797,35.035
2364659.870000,6486541.364684,3441.216778,P832,EIS-267,Lote 2B,AND,MIXED2B,m2ba,prim,10.9628,42.159
2364659.870000,6486541.708183,3420.219590,P832,EIS-268,Lote 2B,AND,MIXED2B,m2ba,prim,12.0248,33.558
2364659.870000,6486542.164910,3395.223767,P832,EIS-269,Lote 2B,AND,MIXED2B,m2ba,prim,10.9079,39.246
2364659.870000,6486542.926970,3356.231215,P832,EIS-270,Lote 2B,TON,PRIMARY,prim,prim,12.687,35.752
2364659.870000,6486543.823323,3306.239259,P832,EIS-271,Lote 2B,TON,PRIMARY,prim,prim,13.2222,31.57
2364659.870000,6486544.407941,3270.244008,P832,EIS-272,Lote 2B,TON,PRIMARY,prim,prim,10.6767,34.608
2364659.870000,6486545.074155,3227.249170,P832,EIS-273,Lote 2B,TON,PRIMARY,prim,prim,13.3715,30.636
2364659.870000,6486545.559899,3192.252547,P832,EIS-274,Lote 2B,TON,PRIMARY,prim,prim,12.9352,36.676
2365119.510000,6486538.412424,3636.405943,P833,EIS-275,Lote 2B,AND,MIXED2A,m2aa,m2aa,10.7163,34.476
2365119.510000,6486538.601105,3615.406791,P833,EIS-276,Lote 2B,AND,MIXED2A,m2aa,m2aa,8.1176,45.333
2365119.510000,6486538.805357,3593.407739,P833,EIS-277,Lote 2B,AND,MIXED2A,m2aa,m2aa,8.63888,36.244
2365119.510000,6486538.979550,3574.408538,P833,EIS-278,Lote 2B,TON,MIXED2A,m2at,m2at,11.6447,44.583
2365119.510000,6486539.076368,3563.408964,P833,EIS-279,Lote 2B,TON,MIXED2A,m2at,m2aa,8.90478,52.712
2365119.510000,6486539.244795,3543.409673,P833,EIS-280,Lote 2B,TON,MIXED2A,m2at,m2aa,9.78126,37.944
2365119.510000,6486539.314475,3534.409943,P833,EIS-281,Lote 2B,TON,MIXED2B,m2bt,m2ba,9.76165,42.267
2365119.510000,6486539.467113,3510.410433,P833,EIS-282,Lote 2B,TON,MIXED2B,m2bt,m2bt,10.3651,38.528
2365119.510000,6486539.650449,3467.410827,P833,EIS-283,Lote 2B,TON,MIXED2B,m2bt,m2bt,12.7117,37.854
2365119.510000,6486539.742777,3444.411012,P833,EIS-284,Lote 2B,TON,PRIMARY,prim,prim,10.1307,38.955
2365119.510000,6486539.809239,3428.411150,P833,EIS-285,Lote 2B,TON,PRIMARY,prim,prim,11.9909,32.634
2365119.510000,6486539.884750,3411.411318,P833,EIS-286,Lote 2B,TON,PRIMARY,prim,prim,13.2385,31.82
2365119.510000,6486539.980686,3391.411549,P833,EIS-287,Lote 2B,TON,PRIMARY,prim,prim,14.1964,30.932
2365299.952000,6486338.006503,3627.973616,P837,EIS-288,Lote 2C,AND,MIXED1,mix1,mix1,10.5668,64.89
2365299.952000,6486338.210475,3613.225045,P837,EIS-289,Lote 2C,AND,MIXED1,mix1,mix1,15.6813,58.401
2365299.952000,6486338.785844,3581.980345,P837,EIS-290,Lote 2C,AND,MIXED2A,m2aa,m2aa,19.7932,36.772
2365299.952000,6486339.198513,3559.984216,P837,EIS-291,Lote 2C,AND,MIXED2B,m2ba,m2ba,16.9374,26
2365299.952000,6486339.985228,3505.990137,P837,EIS-292,Lote 2C,AND,MIXED2B,m2ba,m2ba,15.5746,39.589
2365299.952000,6486340.162032,3486.490942,P837,EIS-293,Lote 2C,AND,MIXED2B,m2ba,m2ba,18.4212,32.43
2365299.952000,6486340.316558,3463.991478,P837,EIS-294,Lote 2C,AND,MIXED2B,m2ba,m2ba,14.2095,31.694
2365299.952000,6486340.693877,3421.993341,P837,EIS-295,Lote 2C,DIOR,MIXED2B,m2bt,m2bt,15.4541,30.765
2365299.952000,6486341.391795,3379.999155,P837,EIS-296,Lote 2C,DIOR,MIXED2B,m2bt,m2ba,11.1541,30.832
2365299.952000,6486342.255083,3325.005932,P837,EIS-297,Lote 2C,DIOR,PRIMARY,prim,prim,20.0574,26
2364279.885000,6486338.347880,3666.678914,P838,EIS-298,Lote 2C,DTUFF,MIXED1,mix1,mix1,12.3994,45.195
2364279.885000,6486338.598862,3650.680906,P838,EIS-299,Lote 2C,DTUFF,MIXED1,mix1,mix1,10.2596,41.053
2364279.885000,6486339.007999,3628.684711,P838,EIS-300,Lote 2C,AND,MIXED2A,m2aa,m2aa,12.5772,37.895
2364279.885000,6486339.321837,3611.687608,P838,EIS-301,Lote 2C,AND,MIXED2B,m2ba,m2ba,15.8229,34.833
2364279.885000,6486339.652365,3593.690643,P838,EIS-302,Lote 2C,AND,PRIMARY,prim,prim,13.1164,34.15
2364279.885000,6486340.022423,3573.694067,P838,EIS-303,Lote 2C,AND,PRIMARY,prim,prim,12.5854,28.044
2364279.885000,6486340.302716,3558.696686,P838,EIS-304,Lote 2C,AND,PRIMARY,prim,prim,13.4688,33.746
2364279.885000,6486341.209419,3504.704362,P838,EIS-305,Lote 2C,AND,PRIMARY,prim,prim,15.0268,27.187
2364279.885000,6486341.956895,3451.709636,P838,EIS-306,Lote 2C,AND,PRIMARY,prim,prim,12.2473,30.966
2364585.870000,6486129.001836,3639.529119,P839,EIS-307,Lote 2C,AND,MIXED1,mix1,mix1,11.156,36.83
2364585.870000,6486129.105737,3628.529622,P839,EIS-308,Lote 2C,AND,MIXED2B,m2ba,m2ba,11.2882,33.45
2364585.870000,6486129.396007,3610.532014,P839,EIS-309,Lote 2C,AND,MIXED2B,m2ba,m2ba,10.9944,42.036
2364585.870000,6486129.915508,3588.538171,P839,EIS-310,Lote 2C,AND,MIXED2B,m2ba,m2ba,10.8763,42.176
2364585.870000,6486130.608271,3563.547789,P839,EIS-311,Lote 2C,AND,PRIMARY,prim,prim,14.9066,35.109
2364585.870000,6486131.690527,3527.564070,P839,EIS-312,Lote 2C,AND,PRIMARY,prim,prim,13.376,32.723
2364585.870000,6486132.269554,3506.572058,P839,EIS-313,Lote 2C,AND,PRIMARY,prim,prim,16.1105,36.14
2364585.870000,6486132.922997,3481.580599,P839,EIS-314,Lote 2C,AND,PRIMARY,prim,prim,15.7184,30.459
2364585.870000,6486134.107381,3434.595531,P839,EIS-315,Lote 2C,AND,PRIMARY,prim,prim,10.8589,40.878
2364585.870000,6486135.139697,3389.607380,P839,EIS-316,Lote 2C,AND,PRIMARY,prim,prim,11.85,43.712
2364585.870000,6486136.290757,3342.621495,P839,EIS-317,Lote 2C,AND,PRIMARY,prim,prim,12.2586,39.485
2364585.870000,6486138.140575,3274.646742,P839,EIS-318,Lote 2C,AND,PRIMARY,prim,prim,13.941,34.874
2364585.870000,6486138.813797,3241.653643,P839,EIS-319,Lote 2C,AND,PRIMARY,prim,prim,13.7109,28.148
2364585.870000,6486139.651369,3196.661439,P839,EIS-320,Lote 2C,TON,PRIMARY,prim,prim,13.9992,32.964
2364858.082000,6486363.858998,3627.888016,P840,EIS-321,Lote 2C,QBXTON,MIXED1,mix1,mix1,9.879,57.761
2364858.082000,6486363.901351,3610.488069,P840,EIS-322,Lote 2C,QBXTON,MIXED2A,m2bb,m2bb,11.7833,51.821
2364858.082000,6486364.002820,3575.888218,P840,EIS-323,Lote 2C,QBXTON,MIXED2B,m2bb,m2bb,8.19781,68.448
2364858.082000,6486364.052578,3552.888273,P840,EIS-324,Lote 2C,QBXTON,MIXED2B,m2bb,m2bb,8.19337,75.591
2364858.082000,6486364.110025,3523.888330,P840,EIS-325,Lote 2C,QBXTON,MIXED2B,m2bb,m2bb,10.9297,55.356
2364858.082000,6486364.153584,3502.888375,P840,EIS-326,Lote 2C,QBXTON,MIXED2B,m2bb,m2bb,9.5568,69.201
2364858.082000,6486364.405642,3423.888785,P840,EIS-327,Lote 2C,TON,MIXED2B,m2bt,m2bt,10.8725,56.848
2364858.082000,6486364.470044,3405.888900,P840,EIS-328,Lote 2C,TBXQBFP,MIXED2B,m2bt,m2bt,9.22764,44.428
2364858.082000,6486364.558204,3377.889040,P840,EIS-329,Lote 2C,RBXQBFP,MIXED2B,m2bb,m2bb,12.7963,43.616
2364858.082000,6486364.657702,3337.889164,P840,EIS-330,Lote 2C,QBXTON,PRIMARY,prim,prim,10.5133,43.833
2364858.082000,6486364.846421,3268.889424,P840,EIS-331,Lote 2C,QBXTON,PRIMARY,prim,prim,9.66506,46.848
2364858.082000,6486364.914935,3233.889492,P840,EIS-332,Lote 2C,QBXTON,PRIMARY,prim,prim,12.9347,30.599
2364858.082000,6486365.006809,3197.889610,P840,EIS-333,Lote 2C,QBXTON,PRIMARY,prim,prim,14.8216,42.78
2364858.082000,6486365.250385,3104.889936,P840,EIS-334,Lote 2C,TON,PRIMARY,prim,prim,12.822,31.006
2365405.149000,6486361.162197,3615.080386,P841,EIS-335,Lote 2C,RBXAND,MIXED1,mix1,mix1,18.307,28.536
2365405.149000,6486361.551716,3599.085128,P841,EIS-336,Lote 2C,RBXAND,MIXED2A,m2bb,m2aa,23.1287,25.16
2365405.149000,6486362.111649,3576.091945,P841,EIS-337,Lote 2C,RBXAND,MIXED2A,m2bb,m2aa,14.1929,23.841
2365405.149000,6486363.007958,3540.103108,P841,EIS-338,Lote 2C,RBXAND,MIXED2A,m2bb,m2aa,16.0871,26.91
2364950.508000,6486738.506041,3713.595299,P844,EIS-339,Lote 2C,TON,MIXED1,mix1,mix1,12.4895,28.98
2364950.508000,6486738.867020,3665.596663,P844,EIS-340,Lote 2C,TON,MIXED2A,m2at,m2at,12.1114,28.314
2364950.508000,6486739.074181,3632.597313,P844,EIS-341,Lote 2C,TON,MIXED2A,m2at,m2at,9.41999,52.974
2364950.508000,6486739.189791,3614.597685,P844,EIS-342,Lote 2C,TON,MIXED2A,m2at,m2at,12.3925,39.728
2364950.508000,6486739.446043,3580.598665,P844,EIS-343,Lote 2C,TON,MIXED2B,m2bt,m2bt,13.8789,37.995
2364950.508000,6486740.112014,3521.602443,P844,EIS-344,Lote 2C,TON,PRIMARY,prim,prim,16.4046,35.853
2364950.508000,6486740.557812,3474.604562,P844,EIS-345,Lote 2C,TBXTON,PRIMARY,prim,prim,13.9432,44.042
2364430.169000,6486507.774669,3642.263115,P845,EIS-346,Lote 2C,AND,MIXED1,mix1,mix1,17.9562,30.534
2364430.169000,6486507.909975,3619.263519,P845,EIS-347,Lote 2C,AND,MIXED2A,m2aa,m2aa,12.1168,44.84
2364430.169000,6486508.157808,3580.264307,P845,EIS-348,Lote 2C,AND,MIXED2B,m2ba,m2ba,9.07199,36.65
2364430.169000,6486508.280631,3561.264704,P845,EIS-349,Lote 2C,AND,MIXED2B,m2ba,m2ba,12.0308,32.752
2364430.169000,6486508.440688,3540.265316,P845,EIS-350,Lote 2C,AND,PRIMARY,prim,prim,11.946,34.31
2364430.169000,6486508.588896,3523.265962,P845,EIS-351,Lote 2C,AND,PRIMARY,prim,prim,13.1683,40.812
2364430.169000,6486509.156892,3460.268523,P845,EIS-352,Lote 2C,AND,PRIMARY,prim,prim,16.0007,34.84
2364430.169000,6486510.233709,3361.274432,P845,EIS-353,Lote 2C,AND,PRIMARY,prim,prim,15.6864,33.21
2364430.169000,6486510.801435,3313.277791,P845,EIS-354,Lote 2C,AND,PRIMARY,prim,prim,12.835,27.828
2363974.946000,6487138.366166,3767.702058,P846,EIS-355,Lote 2C,DTUFF,MIXED2A,m2aa,m2aa,13.0877,32.571
2363974.946000,6487138.492850,3752.702594,P846,EIS-356,Lote 2C,TON,MIXED2B,m2bt,m2ba,12.2235,28.577
2363974.946000,6487138.943069,3707.704854,P846,EIS-357,Lote 2C,TON,MIXED2B,m2bt,m2ba,11.4882,27.132
2363974.946000,6487139.489500,3652.707595,P846,EIS-358,Lote 2C,TON,PRIMARY,prim,prim,13.3177,35.786
2364430.174000,6486655.931405,3670.972045,P847,EIS-359,Lote 2C,AND,MIXED1,mix1,mix1,18.6779,34.55
2364430.174000,6486656.006664,3647.972169,P847,EIS-360,Lote 2C,AND,MIXED2A,m2aa,m2aa,22.5315,31.304
2364430.174000,6486656.076477,3627.972290,P847,EIS-361,Lote 2C,AND,MIXED2A,m2aa,m2aa,15.1575,30.42
2364430.174000,6486656.163115,3602.972441,P847,EIS-362,Lote 2C,AND,MIXED2B,m2ba,m2ba,13.8103,29.684
2364430.174000,6486656.254500,3568.972565,P847,EIS-363,Lote 2C,AND,PRIMARY,prim,prim,11.52,25.947
2364430.174000,6486656.292443,3550.472605,P847,EIS-364,Lote 2C,AND,PRIMARY,prim,prim,15.1147,33.153
2364430.174000,6486656.401064,3523.972837,P847,EIS-365,Lote 2C,AND,PRIMARY,prim,prim,17.2376,26.516
2364430.174000,6486656.790829,3470.974284,P847,EIS-366,Lote 2C,AND,PRIMARY,prim,prim,13.293,30.362
2364430.174000,6486656.936176,3453.974906,P847,EIS-367,Lote 2C,AND,PRIMARY,prim,prim,12.7695,31.198
2364430.174000,6486657.414778,3384.976584,P847,EIS-368,Lote 2C,AND,PRIMARY,prim,prim,13.7299,32.076
2364430.174000,6486657.860842,3333.978541,P847,EIS-369,Lote 2C,AND,PRIMARY,prim,prim,13.2587,29.6
2364430.174000,6486658.252009,3288.980254,P847,EIS-370,Lote 2C,AND,PRIMARY,prim,prim,12.2042,31.777
2363930.005000,6486938.939945,3722.818615,P851,EIS-376,Lote 2D,TON,MIXED2A,m2at,m2at,13.4516,39.65
2363930.005000,6486939.477841,3690.823198,P851,EIS-377,Lote 2D,TON,MIXED2B,m2bt,m2bt,11.6684,43.338
2363930.005000,6486939.751916,3669.824987,P851,EIS-378,Lote 2D,TON,PRIMARY,prim,prim,12.964,36.707
2363930.005000,6486940.150031,3635.827322,P851,EIS-379,Lote 2D,TON,PRIMARY,prim,prim,13.7501,26
2365237.392000,6486736.359972,3713.654966,P852,EIS-371,Lote 2C,TON,MIXED2A,m2at,m2at,8.93813,53.172
2365237.392000,6486736.649128,3696.657425,P852,EIS-372,Lote 2C,TON,MIXED2A,m2at,m2at,8.39326,49.248
2365237.392000,6486736.926803,3680.659835,P852,EIS-373,Lote 2C,TON,MIXED2A,m2at,m2at,8.88467,57.19
2365237.392000,6486737.747247,3636.667496,P852,EIS-374,Lote 2C,TON,MIXED2A,m2at,m2at,9.44939,54.365
2365237.392000,6486738.699505,3590.677356,P852,EIS-375,Lote 2C,TON,MIXED2B,m2bt,m2bt,11.0069,34.203
2364020.361000,6486738.453017,3698.558133,P854,EIS-380,Lote 2D,DTUFF,MIXED1,mix1,mix1,8.25612,56.848
2364020.361000,6486738.505795,3688.558273,P854,EIS-381,Lote 2D,DTUFF,MIXED1,mix1,mix1,7.78155,52.562
2364020.361000,6486738.578790,3676.558495,P854,EIS-382,Lote 2D,DTUFF,MIXED2A,m2aa,m2aa,8.92054,37.076
2364020.361000,6486738.640666,3665.558669,P854,EIS-383,Lote 2D,DTUFF,MIXED2A,m2aa,m2aa,10.3852,30.48
2364020.361000,6486738.734612,3646.558902,P854,EIS-384,Lote 2D,DTUFF,MIXED2B,m2ba,m2ba,11.777,39.9
2364020.361000,6486738.818208,3626.559077,P854,EIS-385,Lote 2D,DTUFF,MIXED2B,m2ba,m2ba,12.8142,40.768
2364020.361000,6486738.894988,3608.559241,P854,EIS-386,Lote 2D,AND,MIXED2B,m2ba,m2ba,11.7949,30.401
2364020.361000,6486738.962427,3593.559393,P854,EIS-387,Lote 2D,AND,PRIMARY,prim,prim,14.1053,37.278
2364020.361000,6486739.146549,3566.560076,P854,EIS-388,Lote 2D,AND,PRIMARY,prim,prim,12.1911,30.966
2364020.361000,6486739.477753,3543.562512,P854,EIS-389,Lote 2D,AND,PRIMARY,prim,prim,13.4909,30.654
2364020.361000,6486740.913967,3450.573943,P854,EIS-390,Lote 2D,AND,PRIMARY,prim,prim,13.913,30.498
2365104.983000,6486212.945497,3608.804707,P855,EIS-391,Lote 2D,QBFP,MIXED2B,m2bt,m2bt,12.5383,37.526
2365104.983000,6486213.185433,3594.806764,P855,EIS-392,Lote 2D,QBFP,MIXED2B,m2bt,m2bt,13.9971,44.116
2365104.983000,6486213.736438,3564.811828,P855,EIS-393,Lote 2D,AND,MIXED2B,m2ba,m2ba,13.2004,31.005
2365104.983000,6486215.166380,3493.826237,P855,EIS-394,Lote 2D,AND,MIXED2B,m2ba,m2ba,11.1581,28.956
2365104.983000,6486216.786051,3416.843274,P855,EIS-395,Lote 2D,AND,MIXED2B,m2ba,m2ba,12.2612,46.816
2364459.959000,6485739.413835,3666.549010,P857,EIS-396,Lote 2D,AND,MIXED1,mix1,mix1,14.0152,33.58
2364459.959000,6485739.535728,3646.549419,P857,EIS-397,Lote 2D,AND,MIXED2B,m2ba,m2ba,14.9416,39.589
2364459.959000,6485740.166904,3604.554290,P857,EIS-398,Lote 2D,DTUFF,PRIMARY,prim,prim,11.9905,31.356
2364459.959000,6485740.983464,3557.561384,P857,EIS-399,Lote 2D,DTUFF,PRIMARY,prim,prim,15.4761,28.116
2364459.959000,6485741.999370,3500.570439,P857,EIS-400,Lote 2D,AND,PRIMARY,prim,prim,11.9509,34.722
2364355.573000,6486655.781144,3669.746455,P858,EIS-401,Lote 2D,AND,MIXED1,mix1,mix1,12.9014,34.451
2364355.573000,6486655.894877,3658.497033,P858,EIS-402,Lote 2D,AND,MIXED2A,m2aa,m2aa,17.0493,35.139
2364355.573000,6486656.094559,3642.498280,P858,EIS-403,Lote 2D,AND,MIXED2B,m2ba,m2ba,14.355,39.84
2364355.573000,6486656.339344,3624.499946,P858,EIS-404,Lote 2D,AND,MIXED2B,m2ba,m2ba,14.9078,35.457
2364355.573000,6486656.589221,3607.501783,P858,EIS-405,Lote 2D,AND,MIXED2B,m2ba,m2ba,14.6454,34.371
2364355.573000,6486656.792132,3594.503367,P858,EIS-406,Lote 2D,AND,MIXED2B,m2ba,m2ba,15.5951,34.944
2364355.573000,6486657.191556,3570.506693,P858,EIS-407,Lote 2D,AND,PRIMARY,prim,prim,18.004,29.342
2364355.573000,6486657.686643,3543.511241,P858,EIS-408,Lote 2D,AND,PRIMARY,prim,prim,15.7427,30.915
2364355.573000,6486658.188987,3520.516740,P858,EIS-409,Lote 2D,AND,PRIMARY,prim,prim,16.8849,30.514
2364355.573000,6486660.069655,3470.555589,P858,EIS-410,Lote 2D,AND,PRIMARY,prim,prim,16.6423,28.875
2364355.573000,6486663.571559,3391.650311,P858,EIS-411,Lote 2D,AND,PRIMARY,prim,prim,15.4277,27.492
2364355.043000,6486730.433126,3688.876156,P860,EIS-412,Lote 2D,AND,MIXED1,mix1,mix1,19.6458,35.105
2364355.043000,6486730.844111,3673.781763,P860,EIS-413,Lote 2D,AND,MIXED2A,m2aa,m2aa,13.4162,44.319
2364355.043000,6486731.228967,3660.287250,P860,EIS-414,Lote 2D,AND,MIXED2A,m2aa,m2aa,16.8711,31.208
2364355.043000,6486731.618910,3646.792883,P860,EIS-415,Lote 2D,AND,MIXED2A,m2aa,m2aa,13.7063,46.965
2364355.043000,6486732.028668,3632.798881,P860,EIS-416,Lote 2D,AND,MIXED2B,m2ba,m2ba,14.9321,34.656
2364355.043000,6486732.590129,3613.807178,P860,EIS-417,Lote 2D,AND,MIXED2B,m2ba,m2ba,13.9789,35.51
2364355.043000,6486733.183873,3593.815994,P860,EIS-418,Lote 2D,AND,MIXED2B,m2ba,m2bt,13.686,42.978
2364355.043000,6486733.631012,3578.822660,P860,EIS-419,Lote 2D,AND,PRIMARY,prim,prim,17.6665,36.108
2364355.043000,6486734.169652,3560.830721,P860,EIS-420,Lote 2D,AND,PRIMARY,prim,prim,12.8232,25.68
2364355.043000,6486734.680443,3543.838396,P860,EIS-421,Lote 2D,AND,PRIMARY,prim,prim,15.1548,27.864
2364355.043000,6486735.284738,3523.847528,P860,EIS-422,Lote 2D,AND,PRIMARY,prim,prim,14.1902,25.326
2364355.043000,6486737.227977,3461.877995,P860,EIS-423,Lote 2D,AND,PRIMARY,prim,prim,11.5678,29.138
2364760.137000,6485738.920203,3635.332022,P861,EIS-424,Lote 2D,DTUFF,MIXED2B,m2ba,m2ba,13.7255,27
2364760.137000,6485739.076522,3603.332431,P861,EIS-425,Lote 2D,AND,PRIMARY,prim,prim,15.2597,57.603
2364760.137000,6485739.271849,3576.333137,P861,EIS-426,Lote 2D,AND,PRIMARY,prim,prim,16.243,43.384
2364760.137000,6485740.164018,3444.336385,P861,EIS-427,Lote 2D,AND,PRIMARY,prim,prim,13.117,42.84
2364760.137000,6485740.251312,3420.336544,P861,EIS-428,Lote 2D,AND,PRIMARY,prim,prim,13.8303,40.92
2364459.613000,6485939.147435,3650.754189,P863,EIS-429,Lote 2D,DTUFF,MIXED2B,m2ba,mix1,10.8236,39.096
2364459.613000,6485939.394736,3626.755510,P863,EIS-430,Lote 2D,DTUFF,PRIMARY,prim,prim,11.6516,39.837
2364459.613000,6485939.650370,3608.757326,P863,EIS-431,Lote 2D,DTUFF,PRIMARY,prim,prim,12.5402,38.352
2364459.613000,6485939.991745,3584.759753,P863,EIS-432,Lote 2D,DTUFF,PRIMARY,prim,prim,12.7773,40.25
2364459.613000,6485940.633858,3538.764236,P863,EIS-433,Lote 2D,AND,PRIMARY,prim,prim,14.0961,39
2364459.613000,6485941.540643,3471.770373,P863,EIS-434,Lote 2D,AND,PRIMARY,prim,prim,18.4996,28.05
2364459.613000,6485942.398272,3412.776612,P863,EIS-435,Lote 2D,AND,PRIMARY,prim,prim,17.1297,29.274
2364804.561000,6485916.236234,3628.807040,P864,EIS-436,Lote 2D,QBXAND,MIXED1,mix1,mix1,17.1449,37.874
2364804.561000,6485916.350943,3610.607418,P864,EIS-437,Lote 2D,QBXAND,PRIMARY,prim,prim,17.3954,40.641
2364804.561000,6485916.541741,3593.108473,P864,EIS-438,Lote 2D,QBXAND,PRIMARY,prim,prim,15.1088,50.641
2364804.561000,6485916.710042,3579.109486,P864,EIS-439,Lote 2D,QBXAND,PRIMARY,prim,prim,15.917,44.352
2364804.561000,6485916.846720,3566.110205,P864,EIS-440,Lote 2D,QBXAND,PRIMARY,prim,prim,16.0495,30.282
2364804.561000,6485916.985011,3550.610824,P864,EIS-441,Lote 2D,QBXAND,PRIMARY,prim,prim,16.539,37.184
2364804.561000,6485917.169791,3526.111521,P864,EIS-442,Lote 2D,QBXAND,PRIMARY,prim,prim,16.9208,49.056
2364804.561000,6485917.406978,3496.112459,P864,EIS-443,Lote 2D,QBXAND,PRIMARY,prim,prim,17.8985,33.84
2364804.561000,6485917.617205,3470.113309,P864,EIS-444,Lote 2D,QBXAND,PRIMARY,prim,prim,12.4527,46.177
2364804.561000,6485917.812723,3445.114074,P864,EIS-445,Lote 2D,QBXAND,PRIMARY,prim,prim,13.2421,68.773
2364804.561000,6485918.339285,3367.115863,P864,EIS-446,Lote 2D,QBXAND,PRIMARY,prim,prim,17.4488,33.264
2364804.561000,6485918.530012,3332.116383,P864,EIS-447,Lote 2D,QBXAND,PRIMARY,prim,prim,12.8549,28.928
2364804.561000,6485918.850355,3276.117300,P864,EIS-448,Lote 2D,AND,PRIMARY,prim,prim,16.7054,29
2364589.884000,6485938.918190,3646.824045,P866,EIS-449,Lote 2D,DTUFF,MIXED1,mix1,mix1,15.9582,38.236
2364589.884000,6485939.138007,3623.625172,P866,EIS-450,Lote 2D,DTUFF,PRIMARY,prim,prim,15.7431,31.356
2364589.884000,6485939.784552,3589.631387,P866,EIS-451,Lote 2D,AND,PRIMARY,prim,prim,16.2573,35.46
2364589.884000,6485941.082820,3527.644982,P866,EIS-452,Lote 2D,AND,PRIMARY,prim,prim,12.4797,36.873
2364589.884000,6485941.765554,3492.651661,P866,EIS-453,Lote 2D,AND,PRIMARY,prim,prim,12.8972,40.5
2364589.884000,6485942.120583,3468.654308,P866,EIS-454,Lote 2D,AND,PRIMARY,prim,prim,10.9487,38.1
2364589.884000,6485943.988482,3372.673704,P866,EIS-455,Lote 2D,AND,PRIMARY,prim,prim,14.2398,36.192
2364589.884000,6485945.088060,3326.686849,P866,EIS-456,Lote 2D,AND,PRIMARY,prim,prim,15.8219,31.712
2364833.958000,6486181.209641,3636.431411,P867,EIS-526,Lote 3B,QBFP,MIXED1,mix1,mix1,9.93846,56.118
2364833.958000,6486181.317977,3627.432068,P867,EIS-527,Lote 3B,QBFP,MIXED2A,m2at,m2at,13.5043,36.309
2364833.958000,6486181.478470,3617.433364,P867,EIS-528,Lote 3B,QBFP,MIXED2B,m2bt,m2bt,13.3289,43.175
2364833.958000,6486182.249450,3580.441406,P867,EIS-529,Lote 3B,TBXQBFP,MIXED2B,m2bt,m2bb,12.5528,39.004
2364833.958000,6486183.457892,3523.454218,P867,EIS-530,Lote 3B,TBXQBFP,MIXED2B,m2bt,prim,10.2204,53.515
2364833.958000,6486184.818378,3460.468910,P867,EIS-531,Lote 3B,RBXQBFP,MIXED2B,m2bb,prim,13.147,40.227
2364833.958000,6486187.467810,3338.497691,P867,EIS-532,Lote 3B,RBXQBFP,PRIMARY,prim,prim,11.6804,43.558
2364833.958000,6486189.711368,3236.522368,P867,EIS-533,Lote 3B,QBXTON,PRIMARY,prim,prim,13.737,32.232
2364833.958000,6486190.928501,3180.535597,P867,EIS-534,Lote 3B,QBXTON,PRIMARY,prim,prim,13.8481,31.086
2364560.108000,6486714.273486,3680.801102,P868,EIS-457,Lote 3A,TON,MIXED1,mix1,mix1,11.3444,55.356
2364560.108000,6486714.339453,3658.801202,P868,EIS-458,Lote 3A,TON,MIXED2A,m2at,m2at,12.3205,54.08
2364560.108000,6486714.406473,3630.801282,P868,EIS-459,Lote 3A,TON,MIXED2A,m2at,m2at,11.2182,49.436
2364560.108000,6486714.507674,3598.801447,P868,EIS-460,Lote 3A,TON,MIXED2A,m2at,m2aa,11.0758,40.68
2364560.108000,6486714.694343,3565.802001,P868,EIS-461,Lote 3A,TON,MIXED2B,m2bt,m2bt,10.5396,55.859
2364560.108000,6486715.013309,3536.803791,P868,EIS-462,Lote 3A,TON,PRIMARY,prim,m2bt,12.0521,40.413
2364560.108000,6486715.642630,3485.807722,P868,EIS-463,Lote 3A,TON,PRIMARY,prim,prim,12.9608,40.755
2364560.108000,6486716.423081,3418.812324,P868,EIS-464,Lote 3A,TON,PRIMARY,prim,prim,15.7271,30.695
2364851.001000,6486540.195260,3650.837077,P870,EIS-465,Lote 3A,TON,MIXED1,mix1,mix1,10.8218,93.16
2364851.001000,6486540.324721,3631.837532,P870,EIS-466,Lote 3A,TON,MIXED2A,m2at,m2at,9.62636,73.116
2364851.001000,6486540.569573,3608.838841,P870,EIS-467,Lote 3A,TON,MIXED2A,m2at,m2at,10.2173,67.014
2364851.001000,6486540.788154,3588.840035,P870,EIS-468,Lote 3A,TON,MIXED2B,m2bt,m2bt,36.7074,48.132
2364851.001000,6486541.603324,3511.844351,P870,EIS-469,Lote 3A,TON,MIXED2B,m2bt,m2bt,10.9021,64.61
2364851.001000,6486542.287051,3448.848073,P870,EIS-470,Lote 3A,TON,MIXED2B,m2bt,m2bt,9.972,45.194
2364851.001000,6486542.749844,3415.851330,P870,EIS-471,Lote 3A,TON,MIXED2B,m2bt,prim,10.7837,52.91
2364851.001000,6486543.733331,3354.859266,P870,EIS-472,Lote 3A,TON,PRIMARY,prim,prim,11.5517,44.544
2364270.251000,6487059.958638,3812.568423,P871,EIS-473,Lote 3A,TON,MIXED2A,m2at,m2at,17.7476,28.766
2364270.251000,6487060.171456,3792.819585,P871,EIS-474,Lote 3A,TON,MIXED2A,m2at,m2at,17.2758,33.12
2364270.251000,6487060.383738,3776.820995,P871,EIS-475,Lote 3A,TON,MIXED2A,m2at,m2at,16.5029,23.744
2364270.251000,6487061.057528,3734.826431,P871,EIS-476,Lote 3A,TON,MIXED2A,m2at,m2at,13.0324,40.138
2364270.251000,6487061.592301,3707.831738,P871,EIS-477,Lote 3A,TON,MIXED2B,m2bt,m2bt,15.1898,37.584
2364270.251000,6487062.411886,3670.840818,P871,EIS-478,Lote 3A,TON,MIXED2B,m2bt,m2bt,15.5692,36.766
2364270.251000,6487064.134733,3598.861617,P871,EIS-479,Lote 3A,TON,PRIMARY,prim,prim,14.6186,36.873
2364192.307000,6485685.572631,3650.955007,P873,EIS-480,Lote 3A,AND,PRIMARY,prim,prim,17.8318,30.78
2364192.307000,6485686.747022,3619.727446,P873,EIS-481,Lote 3A,AND,PRIMARY,prim,prim,20.0254,29.055
2364192.307000,6485687.815492,3594.750291,P873,EIS-482,Lote 3A,AND,PRIMARY,prim,prim,20.3573,31.154
2365220.395000,6485736.304712,3641.451003,P875,EIS-483,Lote 3A,AND,MIXED1,mix1,mix1,24.5869,30.014
2365220.395000,6485736.391231,3624.451252,P875,EIS-484,Lote 3A,AND,MIXED2B,m2ba,m2ba,25.8329,23.712
2365220.395000,6485736.790093,3595.454139,P875,EIS-485,Lote 3A,AND,PRIMARY,prim,prim,14.3402,27.864
2365220.395000,6485737.886053,3540.465069,P875,EIS-486,Lote 3A,AND,PRIMARY,prim,prim,22.2906,25
2365220.395000,6485738.441275,3513.470778,P875,EIS-487,Lote 3A,AND,PRIMARY,prim,prim,21.9337,40.523
2365220.395000,6485739.264104,3473.479244,P875,EIS-488,Lote 3A,AND,PRIMARY,prim,prim,15.7999,35.868
2364420.539000,6486282.347985,3651.554275,P876,EIS-489,Lote 3A,AND,MIXED2A,m2aa,m2aa,14.543,52.234
2364420.539000,6486282.601303,3639.556980,P876,EIS-490,Lote 3A,AND,MIXED2B,m2ba,m2ba,15.0294,44.53
2364420.539000,6486282.949593,3627.562067,P876,EIS-491,Lote 3A,AND,PRIMARY,prim,prim,13.7767,40.448
2364420.539000,6486283.446659,3612.570305,P876,EIS-492,Lote 3A,AND,PRIMARY,prim,prim,12.9072,37.932
2364420.539000,6486284.015694,3595.579832,P876,EIS-493,Lote 3A,AND,PRIMARY,prim,prim,12.9749,40.832
2364420.539000,6486284.828356,3571.593594,P876,EIS-494,Lote 3A,AND,PRIMARY,prim,prim,14.9087,35.574
2365063.599000,6485823.943276,3630.648000,P877,EIS-495,Lote 3A,AND,MIXED1,mix1,mix1,17.0415,40
2365063.599000,6485823.971255,3617.198034,P877,EIS-496,Lote 3A,AND,PRIMARY,prim,prim,17.7105,31.044
2365063.599000,6485824.066005,3599.198293,P877,EIS-497,Lote 3A,AND,PRIMARY,prim,prim,15.9341,27.574
2365063.599000,6485824.195071,3584.198854,P877,EIS-498,Lote 3A,AND,PRIMARY,prim,prim,15.2451,26.796
2364706.894000,6486209.773824,3631.743007,P878,EIS-499,Lote 3A,TBXQBFP,MIXED2A,m2bt,m2at,10.3495,61.588
2364706.894000,6486210.008239,3617.744990,P878,EIS-500,Lote 3A,TBXQBFP,MIXED2A,m2bt,m2at,11.1991,44.368
2364706.894000,6486210.305851,3603.748156,P878,EIS-501,Lote 3A,TBXQBFP,MIXED2A,m2bt,m2at,11.2299,56.082
2364706.894000,6486211.199034,3562.757886,P878,EIS-502,Lote 3A,TBXQBFP,MIXED2B,m2bt,m2bt,11.207,56.672
2364706.894000,6486211.483875,3549.761007,P878,EIS-503,Lote 3A,TBXQBFP,MIXED2B,m2bt,m2bt,10.1966,43.56
2364706.894000,6486211.961883,3527.766201,P878,EIS-504,Lote 3A,TBXQBFP,MIXED2B,m2bt,m2bt,9.83413,55.278
2364706.894000,6486212.498597,3502.771963,P878,EIS-505,Lote 3A,TBXQBFP,MIXED2B,m2bt,m2bt,11.8591,41.202
2364706.894000,6486212.862034,3485.775848,P878,EIS-506,Lote 3A,TBXQBFP,MIXED2B,m2bt,m2bt,12.1088,49.7
2364706.894000,6486213.353665,3462.781103,P878,EIS-507,Lote 3A,TBXQBFP,MIXED2B,m2bt,m2bt,11.3098,39.6
2364706.894000,6486213.783332,3442.785719,P878,EIS-508,Lote 3A,TBXQBFP,PRIMARY,prim,prim,10.1781,43.206
2364707.418000,6486424.483255,3640.019386,P879,EIS-509,Lote 3A,QBXAND,MIXED1,mix1,mix1,7.71046,102.7
2364707.418000,6486424.656117,3625.020396,P879,EIS-510,Lote 3A,QBXAND,MIXED2A,m2bb,m2bb,11.5872,41.408
2364707.418000,6486424.920773,3608.022460,P879,EIS-511,Lote 3A,QBXAND,MIXED2A,m2bb,m2bb,10.04,49.05
2364707.418000,6486425.190249,3590.024478,P879,EIS-512,Lote 3A,QBXAND,MIXED2A,m2bb,m2bb,9.09841,60.956
2364707.418000,6486425.337520,3579.525511,P879,EIS-513,Lote 3A,QBXAND,MIXED2A,m2bb,m2aa,9.58541,43.956
2364707.418000,6486425.516343,3566.026696,P879,EIS-514,Lote 3A,QBXAND,MIXED2A,m2bb,m2bb,10.6454,49.42
2364707.418000,6486425.695644,3552.527887,P879,EIS-515,Lote 3A,QBXAND,MIXED2B,m2bb,m2ba,8.78659,55.854
2364707.418000,6486425.939432,3535.029585,P879,EIS-516,Lote 3A,QBXAND,MIXED2B,m2bb,m2bb,9.98314,66.126
2364707.418000,6486426.491419,3497.033596,P879,EIS-517,Lote 3A,QBXAND,MIXED2B,m2bb,m2bb,10.8381,82.46
2364707.418000,6486426.887622,3466.536174,P879,EIS-518,Lote 3A,QBXAND,MIXED2B,m2bb,m2bb,13.5849,52.569
2364168.280000,6486226.614084,3692.612261,P880,EIS-519,Lote 3A,AND,MIXED1,mix1,mix1,20.3739,34.935
2364168.280000,6486226.831866,3677.613895,P880,EIS-520,Lote 3A,AND,MIXED2A,m2aa,m2aa,16.1998,29.11
2364168.280000,6486227.106166,3665.617058,P880,EIS-521,Lote 3A,AND,MIXED2B,m2ba,m2ba,19.017,27.864
2364168.280000,6486227.553788,3650.623752,P880,EIS-522,Lote 3A,DTUFF,PRIMARY,prim,prim,15.3945,30.912
2364168.280000,6486228.195646,3629.633564,P880,EIS-523,Lote 3A,DTUFF,PRIMARY,prim,prim,13.3171,36.234
2364168.280000,6486228.919582,3605.644485,P880,EIS-524,Lote 3A,DTUFF,PRIMARY,prim,prim,13.3424,33.54
2364168.280000,6486229.759033,3576.656641,P880,EIS-525,Lote 3A,DTUFF,PRIMARY,prim,prim,13.134,37.791
2364921.510000,6486141.315566,3634.499005,P881,EIS-535,Lote 3B,QBFP,MIXED1,mix1,mix1,16.0796,41.788
2364921.510000,6486141.335170,3622.499022,P881,EIS-536,Lote 3B,QBFP,MIXED2B,m2bt,m2bt,16.0997,35.203
2364921.510000,6486141.394385,3600.499103,P881,EIS-537,Lote 3B,QBXTON,MIXED2B,m2bb,prim,13.6067,37.692
2364921.510000,6486141.491495,3574.499285,P881,EIS-538,Lote 3B,QBXTON,MIXED2B,m2bb,prim,14.0119,40.824
2364921.510000,6486141.567748,3557.499456,P881,EIS-539,Lote 3B,QBXTON,MIXED2B,m2bb,prim,12.7545,36.828
2364921.510000,6486141.936462,3509.500952,P881,EIS-540,Lote 3B,QBXTON,PRIMARY,prim,prim,12.1763,42.514
2364921.510000,6486142.385827,3471.503612,P881,EIS-541,Lote 3B,TBXTON,PRIMARY,prim,prim,12.6755,47.403
2364106.989000,6486630.056915,3671.163948,P885,EIS-542,Lote 3B,DTUFF,MIXED1,mix1,mix1,9.63547,41.792
2364106.989000,6486630.275303,3657.165668,P885,EIS-543,Lote 3B,DTUFF,MIXED2A,m2aa,m2aa,10.5904,40.504
2364106.989000,6486630.845583,3625.170759,P885,EIS-544,Lote 3B,AND,MIXED2B,m2ba,m2ba,12.5415,29.367
2364106.989000,6486631.173814,3604.173327,P885,EIS-545,Lote 3B,AND,MIXED2B,m2ba,m2ba,14.5043,41.052
2364106.989000,6486631.645004,3568.676462,P885,EIS-546,Lote 3B,AND,PRIMARY,prim,prim,13.7525,35.881
2363926.586000,6486523.423340,3695.316074,P886,EIS-547,Lote 3B,AND,MIXED2A,m2aa,m2aa,15.9704,37.38
2363926.586000,6486523.476311,3684.816209,P886,EIS-548,Lote 3B,AND,MIXED2A,m2aa,m2aa,14.742,28.896
2363926.586000,6486523.566954,3671.816528,P886,EIS-549,Lote 3B,AND,MIXED2B,m2ba,m2ba,16.2963,25.114
2363926.586000,6486523.747043,3652.817388,P886,EIS-550,Lote 3B,DTUFF,MIXED2B,m2ba,m2ba,16.7132,22.56
2364308.388000,6486846.522649,3715.275226,P887,EIS-551,Lote 3B,TON,MIXED1,mix1,mix1,13.6453,42.151
2364308.388000,6486846.750290,3694.276460,P887,EIS-552,Lote 3B,TON,MIXED2A,m2at,m2at,12.9926,36.624
2364308.388000,6486846.977214,3672.277630,P887,EIS-553,Lote 3B,TON,MIXED2A,m2at,m2at,12.4826,42.777
2364308.388000,6486847.224575,3647.278854,P887,EIS-554,Lote 3B,TON,MIXED2B,m2bt,m2bt,11.8043,43.029
2364308.388000,6486847.515494,3617.280265,P887,EIS-555,Lote 3B,TON,MIXED2B,m2bt,m2bt,12.4386,42.009
2364308.388000,6486847.883255,3580.282093,P887,EIS-556,Lote 3B,TON,PRIMARY,prim,prim,12.1549,41.392
2364832.054000,6486700.087354,3698.093380,P888,EIS-557,Lote 3B,TON,MIXED1,mix1,mix1,8.82173,75.824
2364832.054000,6486700.385156,3683.096372,P888,EIS-558,Lote 3B,TON,MIXED2A,m2at,m2at,13.8174,57.12
2364832.054000,6486700.887010,3663.102671,P888,EIS-559,Lote 3B,TON,MIXED2A,m2at,m2at,12.219,44.233
2364832.054000,6486701.344251,3645.108479,P888,EIS-560,Lote 3B,TON,MIXED2A,m2at,m2at,14.3011,43.362
2364832.054000,6486702.460089,3601.122631,P888,EIS-561,Lote 3B,TON,MIXED2B,m2bt,m2bt,14.8661,32.809
2364622.446000,6486615.135086,3675.823923,P889,EIS-562,Lote 3B,AND,MIXED1,mix1,mix1,11.4195,47.476
2364622.446000,6486615.788620,3658.836674,P889,EIS-563,Lote 3B,AND,MIXED2A,m2aa,m2aa,14.5526,31.416
2364622.446000,6486618.741354,3594.904845,P889,EIS-564,Lote 3B,AND,MIXED2A,m2aa,m2aa,13.282,41.004
2364622.446000,6486621.120930,3539.956363,P889,EIS-565,Lote 3B,AND,MIXED2B,m2ba,m2ba,10.2914,46.161
2364622.446000,6486621.909444,3520.972732,P889,EIS-566,Lote 3B,AND,MIXED2B,m2ba,m2ba,9.73789,37.434
2364622.446000,6486622.763814,3499.990120,P889,EIS-567,Lote 3B,AND,MIXED2B,m2ba,m2ba,11.8146,32.396
2364622.446000,6486626.145870,3416.058266,P889,EIS-568,Lote 3B,AND,PRIMARY,prim,prim,14.6809,32.448
2364622.446000,6486626.973561,3394.073842,P889,EIS-569,Lote 3B,AND,PRIMARY,prim,prim,13.3901,40.887
2364622.446000,6486627.836424,3371.090033,P889,EIS-570,Lote 3B,AND,PRIMARY,prim,prim,13.6973,32.487
2364076.747000,6486940.279870,3737.769893,P890,EIS-571,Lote 3B,TON,MIXED1,mix1,mix1,11.6051,36.85
2364076.747000,6486940.666445,3719.774045,P890,EIS-572,Lote 3B,TON,MIXED2A,m2at,m2at,11.8706,38.34
2364076.747000,6486941.045105,3701.778028,P890,EIS-573,Lote 3B,TON,MIXED2B,m2bt,m2bt,13.0355,55.36
2364076.747000,6486941.428410,3683.282000,P890,EIS-574,Lote 3B,TON,MIXED2B,m2bt,m2bt,12.7586,39.525
2364076.747000,6486942.136701,3648.789271,P890,EIS-575,Lote 3B,TON,MIXED2B,m2bt,m2bt,10.0123,45.408
2364208.663000,6486458.099925,3679.707026,P891,EIS-576,Lote 3B,DTUFF,MIXED1,mix1,mix1,11.8969,39.582
2364208.663000,6486458.163739,3663.457155,P891,EIS-577,Lote 3B,DTUFF,MIXED2A,m2aa,m2aa,9.89623,46.23
2364208.663000,6486458.294546,3642.707571,P891,EIS-578,Lote 3B,DTUFF,MIXED2B,m2ba,m2ba,10.9367,37.24
2364208.663000,6486458.404030,3625.707924,P891,EIS-579,Lote 3B,DTUFF,MIXED2B,m2ba,m2ba,13.7385,36.612
2364208.663000,6486458.567875,3596.708388,P891,EIS-580,Lote 3B,AND,PRIMARY,prim,prim,17.3891,27.965
2364208.663000,6486458.697043,3574.708768,P891,EIS-581,Lote 3B,AND,PRIMARY,prim,prim,17.8401,28.041
2364208.663000,6486458.835347,3554.459241,P891,EIS-582,Lote 3B,AND,PRIMARY,prim,prim,18.3268,32.304
2364952.680000,6486574.449876,3651.652816,P892,EIS-583,Lote 3B,TON,MIXED1,mix1,mix1,10.5913,47.06
2364952.680000,6486575.021522,3629.660415,P892,EIS-584,Lote 3B,TON,MIXED2A,m2at,m2at,10.1859,47.95
2364952.680000,6486576.480773,3582.683077,P892,EIS-585,Lote 3B,TON,MIXED2A,m2at,m2at,11.0478,40.924
2364952.680000,6486577.366767,3552.696167,P892,EIS-586,Lote 3B,TON,MIXED2A,m2at,m2at,11.4151,40.81
2364952.680000,6486578.119159,3525.706655,P892,EIS-587,Lote 3B,TON,MIXED2A,m2at,m2at,11.3352,41.287
2364952.680000,6486578.766165,3501.715378,P892,EIS-588,Lote 3B,TON,MIXED2B,m2bt,m2bt,11.2469,41.022
2365282.866000,6486463.693074,3636.691765,P893,EIS-589,Lote 3B,AND,MIXED1,mix1,mix1,14.859,44.612
2365282.866000,6486466.084549,3549.725029,P893,EIS-590,Lote 3B,AND,MIXED2A,m2aa,m2aa,13.1555,29.736
2365282.866000,6486467.531105,3502.247062,P893,EIS-591,Lote 3B,AND,MIXED2B,m2ba,m2ba,16.036,29.82
2365282.866000,6486468.732899,3463.265585,P893,EIS-592,Lote 3B,AND,PRIMARY,prim,prim,13.7511,30.66
2364601.878000,6486309.345626,3611.903548,P894,EIS-593,Lote 3B,QBXAND,MIXED2A,m2bb,m2bb,10.9705,67.85
2364601.878000,6486309.513767,3591.904256,P894,EIS-594,Lote 3B,QBXAND,MIXED2B,m2bb,m2bb,11.8358,57.138
2364601.878000,6486309.732253,3559.905007,P894,EIS-595,Lote 3B,AND,MIXED2B,m2ba,m2ba,12.1534,47.28
2364601.878000,6486309.945717,3531.905840,P894,EIS-596,Lote 3B,AND,MIXED2B,m2ba,m2ba,14.8596,38.291
2364601.878000,6486310.272977,3503.907774,P894,EIS-597,Lote 3B,AND,MIXED2B,m2ba,m2ba,9.76687,40.533
2364601.878000,6486310.993610,3466.914957,P894,EIS-598,Lote 3B,AND,MIXED2B,m2ba,m2ba,12.5644,43.56
2364601.878000,6486311.833487,3435.926350,P894,EIS-599,Lote 3B,AND,PRIMARY,prim,prim,14.6765,38.94
2364601.878000,6486312.940990,3398.442724,P894,EIS-600,Lote 3B,AND,PRIMARY,prim,prim,16.0036,41.024
